{"q_table": {"((1, 1, 3, 1, 3, 1, 5, 1), 2)": [-0.2395007, -0.029850250000000002, -0.038589000000000005, -0.062208276], "((1, 1, 4, 4, 1, 1, 5, 1), 2)": [-0.09757450000000001, -0.05739151000000001, -0.17761105000000002, -0.040951], "((2, 2, 1, 3, 2, 1, 1, 2), 2)": [-0.04039354875000001, -0.1389295, -0.034390000000000004, -0.13969900000000002], "((1, 1, 5, 1, 1, 1, 5, 1), 2)": [-0.4557807573559149, -0.294925936736202, -0.5301490528922272, -0.2747441030353345], "((1, 1, 2, 1, 1, 2, 5, 1), 2)": [-0.20843720000000002, -0.029858823750000006, -0.23934252500000003, -0.031470475000000005], "((1, 1, 1, 1, 1, 1, 5, 1), 2)": [-0.095, -0.1355, -0.23703832375000003, -0.030012700000000003], "((3, 1, 3, 1, 1, 1, 1, 1), 2)": [-0.039847203750000004, -0.037819500000000006, -0.05, -0.05], "((1, 1, 5, 1, 1, 3, 5, 1), 2)": [-0.095, -0.021660000000000006, -0.05, -0.019000000000000003], "((1, 1, 5, 1, 3, 1, 5, 1), 2)": [0.0, -0.010950000000000001, 0.0, -0.010000000000000002], "((1, 1, 5, 4, 1, 1, 5, 1), 2)": [0.0, 0.0, 0.0, -0.0125745], "((1, 1, 5, 1, 1, 1, 4, 1), 2)": [-0.29431066233435377, -0.26978831480993054, -0.2932308854577048, -0.2601724587536585], "((1, 1, 5, 1, 1, 1, 3, 1), 2)": [-0.34900995052956396, -0.26565907505210773, -0.29138854791492824, -0.26068233196199075], "((1, 1, 5, 1, 1, 1, 2, 1), 2)": [-0.2898403564443719, -0.24874972201531814, -0.3317681386007063, -0.2720600070337118], "((1, 1, 5, 1, 1, 1, 1, 1), 2)": [-0.2785628777374212, -0.2739648421771707, -0.31766824269146804, -0.2926387968274001], "((1, 1, 2, 2, 1, 1, 2, 3), 2)": [-0.05, -0.028050000000000005, -0.05, -0.029845975000000004], "((1, 1, 1, 1, 3, 1, 3, 1), 2)": [-0.05, -0.05, -0.028050000000000005, -0.020805000000000004], "((2, 1, 1, 1, 2, 1, 1, 4), 2)": [-0.020805000000000004, -0.05, -0.028995250000000004, -0.05], "((3, 1, 1, 1, 1, 1, 5, 1), 2)": [-0.020805000000000004, -0.05, -0.09595000000000001, -0.028905000000000007], "((1, 1, 2, 1, 1, 1, 5, 1), 2)": [-0.05, -0.019950000000000002, -0.05, -0.019000000000000003], "((1, 1, 3, 1, 1, 1, 5, 1), 2)": [-0.095, -0.010000000000000002, -0.05, -0.019950000000000002], "((1, 1, 4, 1, 1, 1, 4, 3), 2)": [-0.05, -0.010950000000000001, -0.05, -0.019000000000000003], "((3, 1, 5, 1, 1, 1, 3, 1), 2)": [-0.019000000000000003, -0.010000000000000002, -0.095, -0.03500159280325506], "((2, 1, 1, 2, 2, 1, 1, 2), 2)": [-0.010000000000000002, -0.05, -0.010950000000000001, -0.05], "((1, 1, 1, 1, 3, 1, 5, 3), 2)": [-0.05, -0.05, -0.010000000000000002, -0.010000000000000002], "((3, 1, 2, 3, 1, 1, 4, 1), 2)": [-0.010000000000000002, -0.010000000000000002, -0.05, -0.010000000000000002], "((2, 2, 1, 2, 2, 1, 1, 2), 2)": [0.0, 0.0, -0.010000000000000002, 0.0], "((1, 1, 3, 1, 1, 1, 3, 1), 2)": [0.0, -0.010000000000000002, 0.0, 0.0]}, "epsilon": 0.07268942442628039}